Wall time,Step,Value
1710439787.3128793,0,0.49447789788246155
1710442198.1021307,1,0.4969879388809204
1710444721.5714653,2,0.4969879388809204
