Wall time,Step,Value
1710477210.7530448,0,0.4949799180030823
1710479650.4594162,1,0.49748995900154114
1710482183.149117,2,0.49598392844200134
1710484738.880601,3,0.4949799180030823
1710487262.4879918,4,0.49648594856262207
