Wall time,Step,Value
1710284079.2612357,0,0.49447789788246155
1710286423.9603958,1,0.4969879388809204
1710288796.2962086,2,0.49748995900154114
1710291184.9724817,3,0.49447789788246155
1710293586.9125607,4,0.4939759075641632
1710295995.8820903,5,0.49648594856262207
1710298397.4740877,6,0.495481938123703
1710300814.601168,7,0.4939759075641632
1710303216.615929,8,0.49748995900154114
1710305622.7512286,9,0.49748995900154114
1710308055.1483638,10,0.49648594856262207
