Wall time,Step,Value
1705857198.288981,0,0.09236947447061539
1705859514.6166062,1,0.07530120760202408
1705861854.0853133,2,0.0416666679084301
