Wall time,Step,Value
1711409368.4426656,0,0.06576304882764816
1711411685.815763,1,0.0617469884455204
1711414024.1859992,2,0.07028112560510635
1711416371.8286202,3,0.09387550503015518
1711418720.7037168,4,0.06676706671714783
1711421068.6493337,5,0.06777108460664749
1711423419.3618064,6,0.06224899739027023
1711425769.2859545,7,0.06576304882764816
1711428120.3189778,8,0.081827312707901
1711430482.4099994,9,0.06425702571868896
1711432838.3397465,10,0.07279116660356522
