Wall time,Step,Value
1705258797.718285,0,0.0005020080134272575
1705261101.9586782,1,0.0005020080134272575
1705263436.5876055,2,0.0005020080134272575
1705265752.47857,3,0.0005020080134272575
