Wall time,Step,Value
1710372305.0591142,0,0.495481938123703
1710374702.307113,1,0.49648594856262207
1710377156.0669296,2,0.49748995900154114
1710379618.1614668,3,0.495481938123703
1710382065.7954113,4,0.49648594856262207
1710384532.0799406,5,0.49447789788246155
1710387067.2704737,6,0.4969879388809204
1710389624.2056623,7,0.49447789788246155
1710392175.1479971,8,0.49748995900154114
1710394708.926726,9,0.49598392844200134
