Wall time,Step,Value
1709767349.9633815,0,0.49447789788246155
1709769624.708478,1,0.18473894894123077
1709771919.6524827,2,0.10692770779132843
1709774216.9236941,3,0.12751004099845886
1709776521.9935305,4,0.08985944092273712
1709778828.1703901,5,0.09186746925115585
1709781134.3008013,6,0.09036144614219666
1709783442.3445787,7,0.09036144614219666
1709785750.016301,8,0.08584337681531906
1709788061.6619034,9,0.08082329481840134
1709790375.0217705,10,0.11144578456878662
