Wall time,Step,Value
1705519690.449424,0,0.0005020080134272575
1705522072.410868,1,0.0005020080134272575
