Wall time,Step,Value
1711580902.5425854,0,0.09337349236011505
1711583199.5463517,1,0.09136546403169632
1711585507.8368292,2,0.09287148714065552
1711587826.320583,3,0.13202811777591705
1711590156.6686082,4,0.1019076332449913
1711592489.0844185,5,0.08985944092273712
1711594821.5010192,6,0.0863453820347786
1711597154.5149302,7,0.09738955646753311
1711599487.966526,8,0.09688755124807358
1711601822.5589917,9,0.08684738725423813
1711604156.4557471,10,0.09939759224653244
