Wall time,Step,Value
1705233883.4923646,0,0.0005020080134272575
1705236212.4867241,1,0.0005020080134272575
1705238526.3410223,2,0.0005020080134272575
