Wall time,Step,Value
1710802309.6453066,0,0.19929718971252441
1710805003.0590897,1,0.17620481550693512
1710807922.1157463,2,0.17520080506801605
1710810911.3870065,3,0.1807228922843933
1710813853.415149,4,0.18172690272331238
1710816897.4022431,5,0.1741967797279358
1710819898.2479475,6,0.16716867685317993
1710822893.583753,7,0.1741967797279358
1710825945.7190278,8,0.1726907640695572
